번호,질문,정답_기준,추출된_매칭키,기존_Hit@3,기존_적중순위,리랭커_Hit@3,리랭커_적중순위
1,온라인 결제 관련 문제를 보고하는 데 도움을 주세요.,2.4 결제 오류 및 실패 처리,2.4,0,미적중,1,1
2,결제 문제를 어떻게 알릴 수 있는지 모르겠어요,2.4 결제 오류 및 실패 처리,2.4,1,2,1,1
3,온라인 결제 문제 해결을 위한 지원,2.4 결제 오류 및 실패 처리,2.4,0,미적중,1,1
4,결제 관련 문제를 알려야 합니다.,2.4 결제 오류 및 실패 처리,2.4,0,미적중,0,미적중
5,온라인 결제 문제를 어떻게 알릴 수 있나요?,2.4 결제 오류 및 실패 처리,2.4,0,미적중,1,1
7,온라인 결제에 문제가 있을 경우 어디로 신고해야 하나요?,2.4 결제 오류 및 실패 처리,2.4,0,미적중,1,1
8,결제 문제를 신고하려면 어떻게 해야 할지 모르겠습니다.,2.4 결제 오류 및 실패 처리,2.4,1,2,1,1
9,허용되는 결제 옵션을 어떻게 확인할 수 있나요?,2.1 지원 결제 수단,2.1,1,1,1,3
10,결제 옵션을 나열하려면 어떻게 해야 할지 모르겠습니다.,2.1 지원 결제 수단,2.1,1,2,0,미적중
11,허용되는 결제 방식을 나열하는 데 도움을 주실 수 있나요?,2.1 지원 결제 수단,2.1,1,1,1,3
12,허용된 결제 수단을 확인하는 방법을 모르겠습니다.,2.1 지원 결제 수단,2.1,1,2,1,2
13,허용되는 결제 옵션을 나열해야 합니다. 도와주세요.,2.1 지원 결제 수단,2.1,1,1,1,3
14,허용되는 결제 방식을 볼 수 있나요?,2.1 지원 결제 수단,2.1,1,1,1,3
15,허용되는 결제 방법을 어떻게 확인할 수 있나요?,2.1 지원 결제 수단,2.1,1,1,0,미적중
16,허용되는 결제 수단을 확인하도록 도와주실 수 있나요?,2.1 지원 결제 수단,2.1,1,1,1,1
17,고객지원팀에 전화하려면 어떻게 해야 하나요?,12.2 문의 채널,12.2,1,1,1,1
18,고객 서비스에 연락하려면 어떻게 해야 하나요?,12.2 문의 채널,12.2,1,1,1,1
19,고객 지원팀과 통화하려고 합니다,12.2 문의 채널,12.2,1,1,1,1
20,고객 서비스에 연락할 수 있는 시간을 알고 싶습니다.,12.1 운영시간,12.1,0,미적중,1,1
21,고객센터에 언제 연락 가능한지 확인하고 싶어요,12.1 운영시간,12.1,1,2,1,1
22,고객 지원이 가능한 시간을 확인해야 해요,12.1 운영시간,12.1,1,1,1,1
23,고객 서비스가 가능한 시간을 알려주세요,12.1 운영시간,12.1,1,2,1,1
24,고객 지원팀과 대화하려고 노력 중이에요,12.2 문의 채널,12.2,1,1,1,3
25,패키지를 얼마나 빨리 받을 수 있는지 확인하는 데 도움이 필요합니다.,6.2 배송 기간 및 배송 조회,6.2,1,1,1,2
26,얼마나 빨리 주문을 받을 수 있는지 알고 싶습니다. 도와주세요.,6.2 배송 기간 및 배송 조회,6.2,1,1,1,1
27,내 배송품이 언제 도착하는지 확인할 수 있나요?,6.2 배송 기간 및 배송 조회,6.2,1,1,1,1
28,상품이 언제 도착하는지 어떻게 확인하는지 모르겠어요,6.2 배송 기간 및 배송 조회,6.2,1,1,1,1
29,내 소포가 언제 도착하는지 확인하는 데 도움을 주세요,6.2 배송 기간 및 배송 조회,6.2,1,1,1,1
30,주문을 얼마나 빨리 받을 수 있는지 확인하는 데 도움이 필요합니다,6.2 배송 기간 및 배송 조회,6.2,1,2,1,2
31,내 제품이 언제 도착하는지 확인하기 위해 전화를 걸었습니다.,6.2 배송 기간 및 배송 조회,6.2,1,1,1,2
32,제품이 언제 도착하는지 확인하려고 전화했어요,6.2 배송 기간 및 배송 조회,6.2,1,1,1,2
33,어떤 배송 옵션을 제공하는지 확인하려면 어떻게 해야 하나요?,6.4 배송 방법 옵션,6.4,1,1,1,1
34,내가 가지고 있는 배송 옵션을 확인할 수 있나요?,6.4 배송 방법 옵션,6.4,1,3,1,2
35,어떤 배송 옵션이 있는지 확인해야 해요,6.4 배송 방법 옵션,6.4,1,1,1,2
36,고객님이 제공하는 배송 방법을 확인할 수 있습니까?,6.4 배송 방법 옵션,6.4,1,2,1,2
37,어떤 배송 옵션이 가능한지 확인하는 것 좀 도와줘,6.4 배송 방법 옵션,6.4,1,1,1,1
38,어떤 배송 옵션을 제공하는지 확인해야 합니다,6.4 배송 방법 옵션,6.4,1,1,1,2
40,내가 가지고 있는 배송 방법을 확인하는 데 도움을 주세요,6.4 배송 방법 옵션,6.4,1,1,1,1
44,주소 업데이트 어디서 할 수 있어?,7.3 배송지(주소록) 관리,7.3,1,1,1,1
46,"내 배송 주소가 변경됐어, 정정해줘",7.3 배송지(주소록) 관리,7.3,1,1,0,미적중
48,내 주소 업데이트에 대한 정보,7.3 배송지(주소록) 관리,7.3,1,1,1,2
49,주소를 편집할 수 없습니다,7.3 배송지(주소록) 관리,7.3,1,1,0,미적중
55,배송 주소를 어디에서 수정하나요?,7.3 배송지(주소록) 관리,7.3,1,1,1,2
56,보조 배송 주소를 설정하고 싶은데 어떻게 해야 하나요?,7.3 배송지(주소록) 관리,7.3,1,1,1,1
57,새 배송 주소를 설정할 수 있나요?,7.3 배송지(주소록) 관리,7.3,1,1,1,1
58,다른 배송 주소를 입력하려고 합니다.,7.3 배송지(주소록) 관리,7.3,1,1,1,1
59,다른 배송 주소를 제출할 수 있나요?,7.3 배송지(주소록) 관리,7.3,1,1,1,1
60,다른 배송 주소를 제출하도록 도와주세요,7.3 배송지(주소록) 관리,7.3,1,1,1,1
61,보조 배송 주소는 어디에 입력하나요?,7.3 배송지(주소록) 관리,7.3,1,1,1,1
62,새 배송 주소를 입력하는 중에 오류가 발생했습니다.,7.3 배송지(주소록) 관리,7.3,1,1,1,1
63,내 보조 배송 주소 제출,7.3 배송지(주소록) 관리,7.3,1,1,1,1
64,처리 전에 확인하고 싶습니다. 주문번호 {{order_no}} 건의 현재 위치를 확인할 수 있나요? 처리 전에 확인할 사항도 알려주세요.,6.2 배송 기간 및 배송 조회,6.2,0,미적중,0,미적중
65,확인 부탁드립니다. 주문번호 {{order_no}} 건이 어디까지 왔는지 알려주세요. 현재 상태에서 가능한지 확인해 주세요.,6.2 배송 기간 및 배송 조회,6.2,0,미적중,0,미적중
66,혹시 배송 조회 어떻게 해?,6.2 배송 기간 및 배송 조회,6.2,1,1,1,1
67,처리 전에 확인하고 싶습니다. 주문번호 {{order_no}} 건의 현재 위치를 확인할 수 있나요? 필요한 정보가 있다면 함께 알려주세요.,6.2 배송 기간 및 배송 조회,6.2,0,미적중,0,미적중
68,방법을 알고 싶습니다. 주문번호 {{order_no}} 건의 예상 도착일이 궁금합니다. 현재 상태에서 가능한지 확인해 주세요.,6.2 배송 기간 및 배송 조회,6.2,1,2,1,1
69,추가 안내가 필요합니다. 주문번호 {{order_no}} 건이 어디까지 왔는지 알려주세요. 제가 직접 확인할 수 있는 방법도 알려주세요.,6.2 배송 기간 및 배송 조회,6.2,1,3,1,1
70,관련 내용을 확인하고 싶습니다. 주문번호 {{order_no}} 건을 배송 조회하고 싶습니다. 처리 전에 확인할 사항도 알려주세요.,6.2 배송 기간 및 배송 조회,6.2,1,3,1,1
71,주문 내역에 배송 정보가 안 보여요.,6.2 배송 기간 및 배송 조회,6.2,1,2,1,1
72,온라인에서 처리하려고 합니다. 주문번호 {{order_no}} 건의 현재 위치를 확인할 수 있나요? 제가 직접 확인할 수 있는 방법도 알려주세요.,6.2 배송 기간 및 배송 조회,6.2,0,미적중,0,미적중
73,자세한 안내 부탁드립니다. 주문번호 {{order_no}} 건의 배송 상태를 확인하고 싶습니다. 어느 메뉴에서 확인하는지 궁금합니다.,6.2 배송 기간 및 배송 조회,6.2,0,미적중,1,1
74,문의드립니다. 주문번호 {{order_no}} 건의 예상 도착일이 궁금합니다. 처리 전에 확인할 사항도 알려주세요.,6.2 배송 기간 및 배송 조회,6.2,1,1,1,1
75,도움이 필요합니다. 주문번호 {{order_no}} 건의 현재 위치를 확인할 수 있나요? 필요한 정보가 있다면 함께 알려주세요.,6.2 배송 기간 및 배송 조회,6.2,0,미적중,0,미적중
76,도움이 필요합니다. 주문번호 {{order_no}} 건의 예상 도착일이 궁금합니다. 어느 메뉴에서 확인하는지 궁금합니다.,6.2 배송 기간 및 배송 조회,6.2,1,1,1,1
77,주문번호 {{order_no}} 건이 어디까지 왔는지 알려주세요. 필요한 정보가 있다면 함께 알려주세요.,6.2 배송 기간 및 배송 조회,6.2,0,미적중,1,1
78,직접 처리하려고 합니다. 주문번호 {{order_no}} 건의 현재 위치를 확인할 수 있나요? 어느 메뉴에서 확인하는지 궁금합니다.,6.2 배송 기간 및 배송 조회,6.2,0,미적중,0,미적중
84,자세한 안내 부탁드립니다. 주문번호 {{order_no}} 건의 수량을 바꾸고 싶습니다. 어느 메뉴에서 확인하는지 궁금합니다.,1.3 주문 상품 구성(품목·옵션·수량) 변경 불가 안내,1.3,1,1,1,2
85,처리 전에 확인하고 싶습니다. 주문번호 {{order_no}} 건의 옵션을 수정할 수 있나요? 현재 상태에서 가능한지 확인해 주세요.,1.3 주문 상품 구성(품목·옵션·수량) 변경 불가 안내,1.3,1,2,1,2
86,온라인에서 처리하려고 합니다. 주문번호 {{order_no}} 건의 옵션을 수정할 수 있나요? 어느 메뉴에서 확인하는지 궁금합니다.,1.3 주문 상품 구성(품목·옵션·수량) 변경 불가 안내,1.3,1,2,1,2
87,절차를 안내받고 싶습니다. 주문번호 {{order_no}} 건 취소가 가능한가요? 자세한 절차도 함께 안내해 주세요.,3. 주문 취소 정책 (Cancellation Policy),3.주문취소정책(cancellationpolicy),1,1,1,1
88,주문번호 {{order_no}} 건을 잘못 넣었는데 취소할 수 있을까요?,3. 주문 취소 정책 (Cancellation Policy),3.주문취소정책(cancellationpolicy),1,1,1,1
89,추가 안내가 필요합니다. 주문번호 {{order_no}} 건을 취소하고 싶습니다.,3. 주문 취소 정책 (Cancellation Policy),3.주문취소정책(cancellationpolicy),1,1,1,1
90,아직 발송 전이면 취소 가능해?,3. 주문 취소 정책 (Cancellation Policy),3.주문취소정책(cancellationpolicy),1,1,1,1
91,문의드립니다. 주문번호 {{order_no}} 건을 취소하는 방법을 알려주세요.,3. 주문 취소 정책 (Cancellation Policy),3.주문취소정책(cancellationpolicy),1,1,1,1
92,직접 처리하려고 합니다. 주문번호 {{order_no}} 건을 취소하는 방법을 알려주세요. 자세한 절차도 함께 안내해 주세요.,3. 주문 취소 정책 (Cancellation Policy),3.주문취소정책(cancellationpolicy),1,1,1,1
93,온라인에서 처리하려고 합니다. 주문번호 {{order_no}} 건을 잘못 접수해 취소하려고 합니다. 자세한 절차도 함께 안내해 주세요.,3. 주문 취소 정책 (Cancellation Policy),3.주문취소정책(cancellationpolicy),1,1,1,2
94,취소 어케함,3. 주문 취소 정책 (Cancellation Policy),3.주문취소정책(cancellationpolicy),1,1,1,1
95,도움이 필요합니다. 장바구니에서 상품 주문을 완료하는 방법이 궁금합니다. 자세한 절차도 함께 안내해 주세요.,1.1 주문 접수 및 계약 성립 기준,1.1,1,1,1,1
96,안녕하세요. 상품을 구매하고 싶습니다. 진행 순서를 간단히 설명해 주세요.,1.1 주문 접수 및 계약 성립 기준,1.1,1,1,1,1
97,자세한 안내 부탁드립니다. 상품을 다른 상품과 함께 주문할 수 있나요?,1.1 주문 접수 및 계약 성립 기준,1.1,1,3,1,2
98,관련 내용을 확인하고 싶습니다. 상품을 구매하고 싶습니다. 자세한 절차도 함께 안내해 주세요.,1.1 주문 접수 및 계약 성립 기준,1.1,0,미적중,1,2
99,상품을 다른 상품과 함께 주문할 수 있나요?,1.1 주문 접수 및 계약 성립 기준,1.1,1,2,1,2
100,현재 상황을 확인하고 싶습니다. 상품의 옵션과 수량을 선택한 뒤 어떻게 주문하나요?,1.1 주문 접수 및 계약 성립 기준,1.1,1,2,1,1
101,관련 메뉴를 찾지 못했습니다. 상품을 다른 상품과 함께 주문할 수 있나요? 진행 순서를 간단히 설명해 주세요.,1.1 주문 접수 및 계약 성립 기준,1.1,1,1,1,1
102,처리 전에 확인하고 싶습니다. 상품의 옵션과 수량을 선택한 뒤 어떻게 주문하나요? 필요한 정보가 있다면 함께 알려주세요.,1.1 주문 접수 및 계약 성립 기준,1.1,1,2,1,1
103,나 청구서 잃어버렸어 12588 나한테 우편으로 보내줄래?,2.3 청구서(영수증·세금계산서) 발급,2.3,1,1,1,1
104,{{name}}로부터 송장을 받는 것을 도와주실 수 있나요?,2.3 청구서(영수증·세금계산서) 발급,2.3,1,3,0,미적중
105,{{name}}에서 청구서를 다운로드하려고 전화했습니다.,2.3 청구서(영수증·세금계산서) 발급,2.3,1,1,1,1
106,청구서를 우편으로 보내주세요 00108,2.3 청구서(영수증·세금계산서) 발급,2.3,1,1,1,1
107,송장 받기,2.3 청구서(영수증·세금계산서) 발급,2.3,1,2,1,3
108,내 청구서 85632를 받는 것을 도와주실 수 있나요?,2.3 청구서(영수증·세금계산서) 발급,2.3,1,1,1,1
109,내 청구서를 다운로드할 수 있도록 도와주세요 00108,2.3 청구서(영수증·세금계산서) 발급,2.3,1,1,1,1
110,청구서 12588을 다운로드하려면 어떻게 해야 할지 모르겠어요,2.3 청구서(영수증·세금계산서) 발급,2.3,1,1,1,1
111,내 청구서를 확인하는 데 도움을 줄 수 있나요 00108,2.3 청구서(영수증·세금계산서) 발급,2.3,1,1,1,1
112,청구서 00108을 찾아야 해요,2.3 청구서(영수증·세금계산서) 발급,2.3,1,1,1,1
113,{{name}}의 청구서 확인,2.3 청구서(영수증·세금계산서) 발급,2.3,1,1,1,1
114,청구서를 보여주세요{{transaction_id}},2.3 청구서(영수증·세금계산서) 발급,2.3,1,1,1,1
115,송장을 찾으려면 어떻게 해야 할지 모르겠습니다 85632,2.3 청구서(영수증·세금계산서) 발급,2.3,1,2,0,미적중
116,{{name}}에서 보낸 청구서를 확인하고 싶은데 도와주세요,2.3 청구서(영수증·세금계산서) 발급,2.3,1,1,1,1
117,{{name}}에서 내 청구서을 참조하세요,2.3 청구서(영수증·세금계산서) 발급,2.3,1,1,1,1
118,청구서를 찾는 방법을 모르겠습니다 12588,2.3 청구서(영수증·세금계산서) 발급,2.3,1,1,1,1
119,취소 위약금 보여줘,3.1 취소 수수료 규정,3.1,1,1,1,2
120,조기 해지 비용을 확인하는 데 도움이 필요합니다,3.1 취소 수수료 규정,3.1,0,미적중,0,미적중
121,해지 수수료를 확인하려고 합니다.,3.1 취소 수수료 규정,3.1,1,1,1,2
122,조기 종료 페널티를 확인하는 방법을 모르겠습니다,3.1 취소 수수료 규정,3.1,0,미적중,0,미적중
123,취소 위약금을 보려면 어떻게 해야 하나요?,3.1 취소 수수료 규정,3.1,0,미적중,1,3
124,해지 수수료에 대해서는 아무것도 찾을 수 없습니다.,3.1 취소 수수료 규정,3.1,1,1,1,2
125,조기해지 수수료를 확인해야 하는데 도와주실 수 있나요?,3.1 취소 수수료 규정,3.1,1,2,1,2
126,취소 페널티를 어떻게 하는지 확인해야 해요,3.1 취소 수수료 규정,3.1,0,미적중,1,2
127,해지 수수료를 볼 수 있도록 도와주실 수 있나요?,3.1 취소 수수료 규정,3.1,1,3,0,미적중
128,해지 수수료 표시,3.1 취소 수수료 규정,3.1,1,1,1,1
129,해지위약금을 확인하려면 어떻게 해야할지 모르겠습니다.,3.1 취소 수수료 규정,3.1,0,미적중,0,미적중
130,해지 패널티를 보는 방법,3.1 취소 수수료 규정,3.1,0,미적중,0,미적중
131,취소수수료를 확인해야 하는데 도와주세요,3.1 취소 수수료 규정,3.1,1,1,1,1
132,조기 해지 요금을 확인해야 하는데 어떻게 해야 하나요?,3.1 취소 수수료 규정,3.1,1,3,0,미적중
133,조기 해지 위약금을 확인하는 방법은 무엇입니까?,3.1 취소 수수료 규정,3.1,0,미적중,0,미적중
136,어떤 경우에 환불을 요청할 수 있는지 확인해야 합니다,4.1 청약철회(반품) 신청 기간 및 조건,4.1,1,2,1,2
139,환불을 받는 데 시간이 얼마나 걸리는지 알아보려고 해요,4.4 결제 수단별 환불 소요 기간 및 처리 방법,4.4,1,1,1,1
140,환불하는 데 얼마나 걸리는지 확인해야 해요,4.4 결제 수단별 환불 소요 기간 및 처리 방법,4.4,1,1,1,1
143,어떤 상황에서 환불을 요청할 수 있는지 알아보고 있습니다.,4.1 청약철회(반품) 신청 기간 및 조건,4.1,1,2,1,1
145,환급에 소요되는 시간을 확인해야 합니다. 도움이 필요합니다.,4.4 결제 수단별 환불 소요 기간 및 처리 방법,4.4,1,2,1,1
147,어떤 경우에 환불을 요청할 수 있는지 확인해봐도 될까요?,4.1 청약철회(반품) 신청 기간 및 조건,4.1,1,2,1,2
149,환불에 새로운 사항이 있는지 어디서 확인할 수 있나요?,4.5 환불 진행 상황 조회 방법,4.5,1,1,1,1
150,환불 현황을 확인하고 싶습니다. 도움이 필요합니다.,4.5 환불 진행 상황 조회 방법,4.5,1,1,1,1
151,"내 환불 현황을 확인하고 싶은데, 도와주실 수 있나요?",4.5 환불 진행 상황 조회 방법,4.5,1,1,1,1
152,내 환불금에 문제가 있는지 확인해봐,4.5 환불 진행 상황 조회 방법,4.5,1,1,1,1
153,내 환불 진행 상황을 확인하려면 어떻게 해야 할지 모르겠어요,4.5 환불 진행 상황 조회 방법,4.5,1,1,1,1
154,환불 진행 상황에 변화가 있는지 어디서 알 수 있나요?,4.5 환불 진행 상황 조회 방법,4.5,1,1,1,1
155,환급 현황을 확인해야 하는데 어떻게 해야 하나요?,4.5 환불 진행 상황 조회 방법,4.5,1,1,1,1
156,{{refund_amount}}원의 환불을 기다리고 있습니다. 처리되었나요?,4.5 환불 진행 상황 조회 방법,4.5,1,1,1,1
157,환불 요청,4.1 청약철회(반품) 신청 기간 및 조건,4.1,1,1,1,1
158,제품에 대해 {{amount}}원을 지불했는데 환급을 원합니다.,4.1 청약철회(반품) 신청 기간 및 조건,4.1,1,1,1,1
159,저는 돈을 돌려받으려고 합니다,4.1 청약철회(반품) 신청 기간 및 조건,4.1,1,1,1,1
160,내 환불을 요구하는 것을 도와주실 수 있나요?,4.1 청약철회(반품) 신청 기간 및 조건,4.1,1,3,1,1
161,어떻게 환불을 받을 수 있나요?,4.1 청약철회(반품) 신청 기간 및 조건,4.1,1,2,1,1
162,환불을 요청하는 곳은 어디입니까?,4.1 청약철회(반품) 신청 기간 및 조건,4.1,1,2,1,2
163,환불을 받는 데 도움이 필요해요,4.1 청약철회(반품) 신청 기간 및 조건,4.1,1,2,1,2
164,어디에서 환불받을 수 있나요?,4.1 청약철회(반품) 신청 기간 및 조건,4.1,1,2,0,미적중
165,환불을 요청하는 방법을 모르겠습니다.,4.1 청약철회(반품) 신청 기간 및 조건,4.1,1,3,1,1
166,이 주문에 대해 {{amount}}원을 지불했습니다. 환불이 필요합니다.,4.1 청약철회(반품) 신청 기간 및 조건,4.1,0,미적중,1,3
167,어떻게 환불받을 수 있는지 모르겠어요,4.1 청약철회(반품) 신청 기간 및 조건,4.1,1,2,1,2
168,돈을 환불받으려면 어떻게 해야 하나요?,4.1 청약철회(반품) 신청 기간 및 조건,4.1,1,2,1,1
169,어디에서 환불을 요청할 수 있나요?,4.1 청약철회(반품) 신청 기간 및 조건,4.1,1,2,1,1
170,내 환불을 요청할 수 있도록 도와주세요,4.1 청약철회(반품) 신청 기간 및 조건,4.1,1,3,1,1
171,상품 구입을 위해 {{amount}}원을 지불했습니다. 어떻게 환불을 받을 수 있나요?,4.1 청약철회(반품) 신청 기간 및 조건,4.1,1,2,1,1
