문의 내용,카테고리,의도,정답 정책,추가 정답 정책,판정,검토 메모
온라인 결제 관련 문제를 보고하는 데 도움을 주세요.,결제,결제 문제,2.4 결제 오류 및 실패 처리,,명확,결제 오류 신고 및 처리 절차를 직접 다루는 정책
결제 문제를 어떻게 알릴 수 있는지 모르겠어요,결제,결제 문제,2.4 결제 오류 및 실패 처리,,명확,결제 오류 신고 및 처리 절차를 직접 다루는 정책
온라인 결제 문제 해결을 위한 지원,결제,결제 문제,2.4 결제 오류 및 실패 처리,,명확,결제 오류 신고 및 처리 절차를 직접 다루는 정책
결제 관련 문제를 알려야 합니다.,결제,결제 문제,2.4 결제 오류 및 실패 처리,,명확,결제 오류 신고 및 처리 절차를 직접 다루는 정책
온라인 결제 문제를 어떻게 알릴 수 있나요?,결제,결제 문제,2.4 결제 오류 및 실패 처리,,명확,결제 오류 신고 및 처리 절차를 직접 다루는 정책
오류를 알리려고 합니다.,결제,결제 문제,,,판단불가,오류 종류가 명시되지 않아 결제 오류 문의인지 질문만으로 판단하기 어려움
온라인 결제에 문제가 있을 경우 어디로 신고해야 하나요?,결제,결제 문제,2.4 결제 오류 및 실패 처리,,명확,결제 오류 신고 및 처리 절차를 직접 다루는 정책
결제 문제를 신고하려면 어떻게 해야 할지 모르겠습니다.,결제,결제 문제,2.4 결제 오류 및 실패 처리,,명확,결제 오류 신고 및 처리 절차를 직접 다루는 정책
허용되는 결제 옵션을 어떻게 확인할 수 있나요?,결제,결제 수단 확인,2.1 지원 결제 수단,제11조(지급방법) “몰”에서 구매한 재화 또는 용역에 대한 대금지급방법은 다음,복수정답,운영정책과 표준약관 모두 사용 가능한 결제수단을 직접 안내함
결제 옵션을 나열하려면 어떻게 해야 할지 모르겠습니다.,결제,결제 수단 확인,2.1 지원 결제 수단,제11조(지급방법) “몰”에서 구매한 재화 또는 용역에 대한 대금지급방법은 다음,복수정답,운영정책과 표준약관 모두 사용 가능한 결제수단을 직접 안내함
허용되는 결제 방식을 나열하는 데 도움을 주실 수 있나요?,결제,결제 수단 확인,2.1 지원 결제 수단,제11조(지급방법) “몰”에서 구매한 재화 또는 용역에 대한 대금지급방법은 다음,복수정답,운영정책과 표준약관 모두 사용 가능한 결제수단을 직접 안내함
허용된 결제 수단을 확인하는 방법을 모르겠습니다.,결제,결제 수단 확인,2.1 지원 결제 수단,제11조(지급방법) “몰”에서 구매한 재화 또는 용역에 대한 대금지급방법은 다음,복수정답,운영정책과 표준약관 모두 사용 가능한 결제수단을 직접 안내함
허용되는 결제 옵션을 나열해야 합니다. 도와주세요.,결제,결제 수단 확인,2.1 지원 결제 수단,제11조(지급방법) “몰”에서 구매한 재화 또는 용역에 대한 대금지급방법은 다음,복수정답,운영정책과 표준약관 모두 사용 가능한 결제수단을 직접 안내함
허용되는 결제 방식을 볼 수 있나요?,결제,결제 수단 확인,2.1 지원 결제 수단,제11조(지급방법) “몰”에서 구매한 재화 또는 용역에 대한 대금지급방법은 다음,복수정답,운영정책과 표준약관 모두 사용 가능한 결제수단을 직접 안내함
허용되는 결제 방법을 어떻게 확인할 수 있나요?,결제,결제 수단 확인,2.1 지원 결제 수단,제11조(지급방법) “몰”에서 구매한 재화 또는 용역에 대한 대금지급방법은 다음,복수정답,운영정책과 표준약관 모두 사용 가능한 결제수단을 직접 안내함
허용되는 결제 수단을 확인하도록 도와주실 수 있나요?,결제,결제 수단 확인,2.1 지원 결제 수단,제11조(지급방법) “몰”에서 구매한 재화 또는 용역에 대한 대금지급방법은 다음,복수정답,운영정책과 표준약관 모두 사용 가능한 결제수단을 직접 안내함
고객지원팀에 전화하려면 어떻게 해야 하나요?,문의,고객 서비스 문의,12.2 문의 채널,,명확,
고객 서비스에 연락하려면 어떻게 해야 하나요?,문의,고객 서비스 문의,12.2 문의 채널,,명확,
고객 지원팀과 통화하려고 합니다,문의,고객 서비스 문의,12.2 문의 채널,,명확,
고객 서비스에 연락할 수 있는 시간을 알고 싶습니다.,문의,고객 서비스 문의,12.1 운영시간,,명확,
고객센터에 언제 연락 가능한지 확인하고 싶어요,문의,고객 서비스 문의,12.1 운영시간,,명확,
고객 지원이 가능한 시간을 확인해야 해요,문의,고객 서비스 문의,12.1 운영시간,,명확,
고객 서비스가 가능한 시간을 알려주세요,문의,고객 서비스 문의,12.1 운영시간,,명확,
고객 지원팀과 대화하려고 노력 중이에요,문의,고객 서비스 문의,12.2 문의 채널,,명확,
패키지를 얼마나 빨리 받을 수 있는지 확인하는 데 도움이 필요합니다.,배송,배송 기간 확인,6.2 배송 기간 및 배송 조회,,명확,
얼마나 빨리 주문을 받을 수 있는지 알고 싶습니다. 도와주세요.,배송,배송 기간 확인,6.2 배송 기간 및 배송 조회,,명확,
내 배송품이 언제 도착하는지 확인할 수 있나요?,배송,배송 기간 확인,6.2 배송 기간 및 배송 조회,,명확,
상품이 언제 도착하는지 어떻게 확인하는지 모르겠어요,배송,배송 기간 확인,6.2 배송 기간 및 배송 조회,,명확,
내 소포가 언제 도착하는지 확인하는 데 도움을 주세요,배송,배송 기간 확인,6.2 배송 기간 및 배송 조회,,명확,
주문을 얼마나 빨리 받을 수 있는지 확인하는 데 도움이 필요합니다,배송,배송 기간 확인,6.2 배송 기간 및 배송 조회,,명확,
내 제품이 언제 도착하는지 확인하기 위해 전화를 걸었습니다.,배송,배송 기간 확인,6.2 배송 기간 및 배송 조회,,명확,
제품이 언제 도착하는지 확인하려고 전화했어요,배송,배송 기간 확인,6.2 배송 기간 및 배송 조회,,명확,
어떤 배송 옵션을 제공하는지 확인하려면 어떻게 해야 하나요?,배송,배송 방법 확인,6.4 배송 방법 옵션,,명확,제공하거나 선택할 수 있는 배송 방법·옵션에 관한 문의
내가 가지고 있는 배송 옵션을 확인할 수 있나요?,배송,배송 방법 확인,6.4 배송 방법 옵션,,명확,제공하거나 선택할 수 있는 배송 방법·옵션에 관한 문의
어떤 배송 옵션이 있는지 확인해야 해요,배송,배송 방법 확인,6.4 배송 방법 옵션,,명확,제공하거나 선택할 수 있는 배송 방법·옵션에 관한 문의
고객님이 제공하는 배송 방법을 확인할 수 있습니까?,배송,배송 방법 확인,6.4 배송 방법 옵션,,명확,제공하거나 선택할 수 있는 배송 방법·옵션에 관한 문의
어떤 배송 옵션이 가능한지 확인하는 것 좀 도와줘,배송,배송 방법 확인,6.4 배송 방법 옵션,,명확,제공하거나 선택할 수 있는 배송 방법·옵션에 관한 문의
어떤 배송 옵션을 제공하는지 확인해야 합니다,배송,배송 방법 확인,6.4 배송 방법 옵션,,명확,제공하거나 선택할 수 있는 배송 방법·옵션에 관한 문의
{{shipping.address}}에서 를 배치할 수 있나요?,배송,배송 방법 확인,,,판단불가,문장이 불완전하여 어떤 배송 방법을 묻는지 판단하기 어려움
내가 가지고 있는 배송 방법을 확인하는 데 도움을 주세요,배송,배송 방법 확인,6.4 배송 방법 옵션,,명확,제공하거나 선택할 수 있는 배송 방법·옵션에 관한 문의
내 주소를 수정하는 데 문제가 있습니다,배송지,배송지 변경,,,판단불가,주문 후 배송지 변경(1.2)인지 주소록 수정(7.3)인지 질문만으로 구분 불가
배송지 주소를 잘못 입력했어요,배송지,배송지 변경,,,판단불가,주문 후 배송지 변경(1.2)인지 주소록 수정(7.3)인지 질문만으로 구분 불가
주소를 수정하는 데 지원이 필요합니다.,배송지,배송지 변경,,,판단불가,주문 후 배송지 변경(1.2)인지 주소록 수정(7.3)인지 질문만으로 구분 불가
주소 업데이트 어디서 할 수 있어?,배송지,배송지 변경,7.3 배송지(주소록) 관리,,명확,기존 주문 변경 문맥 없이 주소록의 주소 수정/관리 문의로 판단
배송 주소 수정에 대한 정보가 필요해요,배송지,배송지 변경,,,판단불가,주문 후 배송지 변경(1.2)인지 주소록 수정(7.3)인지 질문만으로 구분 불가
"내 배송 주소가 변경됐어, 정정해줘",배송지,배송지 변경,7.3 배송지(주소록) 관리,,명확,기존 주문 변경 문맥 없이 주소록의 주소 수정/관리 문의로 판단
배송지 주소를 업데이트하는 데 도움이 필요합니다,배송지,배송지 변경,,,판단불가,주문 후 배송지 변경(1.2)인지 주소록 수정(7.3)인지 질문만으로 구분 불가
내 주소 업데이트에 대한 정보,배송지,배송지 변경,7.3 배송지(주소록) 관리,,명확,기존 주문 변경 문맥 없이 주소록의 주소 수정/관리 문의로 판단
주소를 편집할 수 없습니다,배송지,배송지 변경,7.3 배송지(주소록) 관리,,명확,기존 주문 변경 문맥 없이 주소록의 주소 수정/관리 문의로 판단
배송 주소를 수정할 수 있나요?,배송지,배송지 변경,,,판단불가,주문 후 배송지 변경(1.2)인지 주소록 수정(7.3)인지 질문만으로 구분 불가
내 주소 수정에 대한 지원을 원합니다,배송지,배송지 변경,,,판단불가,주문 후 배송지 변경(1.2)인지 주소록 수정(7.3)인지 질문만으로 구분 불가
배송지 주소를 변경하는 데 문제가 있습니다,배송지,배송지 변경,,,판단불가,주문 후 배송지 변경(1.2)인지 주소록 수정(7.3)인지 질문만으로 구분 불가
배송 주소를 수정하는 방법은 무엇입니까?,배송지,배송지 변경,,,판단불가,주문 후 배송지 변경(1.2)인지 주소록 수정(7.3)인지 질문만으로 구분 불가
주소 수정에 대한 지원을 원합니다,배송지,배송지 변경,,,판단불가,주문 후 배송지 변경(1.2)인지 주소록 수정(7.3)인지 질문만으로 구분 불가
배송 주소를 어디에서 수정하나요?,배송지,배송지 변경,7.3 배송지(주소록) 관리,,명확,기존 주문 변경 문맥 없이 주소록의 주소 수정/관리 문의로 판단
보조 배송 주소를 설정하고 싶은데 어떻게 해야 하나요?,배송지,배송지 설정,7.3 배송지(주소록) 관리,,명확,
새 배송 주소를 설정할 수 있나요?,배송지,배송지 설정,7.3 배송지(주소록) 관리,,명확,
다른 배송 주소를 입력하려고 합니다.,배송지,배송지 설정,7.3 배송지(주소록) 관리,,명확,
다른 배송 주소를 제출할 수 있나요?,배송지,배송지 설정,7.3 배송지(주소록) 관리,,명확,
다른 배송 주소를 제출하도록 도와주세요,배송지,배송지 설정,7.3 배송지(주소록) 관리,,명확,
보조 배송 주소는 어디에 입력하나요?,배송지,배송지 설정,7.3 배송지(주소록) 관리,,명확,
새 배송 주소를 입력하는 중에 오류가 발생했습니다.,배송지,배송지 설정,7.3 배송지(주소록) 관리,,명확,
내 보조 배송 주소 제출,배송지,배송지 설정,7.3 배송지(주소록) 관리,,명확,
처리 전에 확인하고 싶습니다. 주문번호 {{order_no}} 건의 현재 위치를 확인할 수 있나요? 처리 전에 확인할 사항도 알려주세요.,주문,주문 배송 조회,6.2 배송 기간 및 배송 조회,,명확,"배송 현재 위치, 배송 상태, 예상 도착일 또는 배송 조회 방법 문의"
확인 부탁드립니다. 주문번호 {{order_no}} 건이 어디까지 왔는지 알려주세요. 현재 상태에서 가능한지 확인해 주세요.,주문,주문 배송 조회,6.2 배송 기간 및 배송 조회,,명확,"배송 현재 위치, 배송 상태, 예상 도착일 또는 배송 조회 방법 문의"
혹시 배송 조회 어떻게 해?,주문,주문 배송 조회,6.2 배송 기간 및 배송 조회,,명확,"배송 현재 위치, 배송 상태, 예상 도착일 또는 배송 조회 방법 문의"
처리 전에 확인하고 싶습니다. 주문번호 {{order_no}} 건의 현재 위치를 확인할 수 있나요? 필요한 정보가 있다면 함께 알려주세요.,주문,주문 배송 조회,6.2 배송 기간 및 배송 조회,,명확,"배송 현재 위치, 배송 상태, 예상 도착일 또는 배송 조회 방법 문의"
방법을 알고 싶습니다. 주문번호 {{order_no}} 건의 예상 도착일이 궁금합니다. 현재 상태에서 가능한지 확인해 주세요.,주문,주문 배송 조회,6.2 배송 기간 및 배송 조회,,명확,"배송 현재 위치, 배송 상태, 예상 도착일 또는 배송 조회 방법 문의"
추가 안내가 필요합니다. 주문번호 {{order_no}} 건이 어디까지 왔는지 알려주세요. 제가 직접 확인할 수 있는 방법도 알려주세요.,주문,주문 배송 조회,6.2 배송 기간 및 배송 조회,,명확,"배송 현재 위치, 배송 상태, 예상 도착일 또는 배송 조회 방법 문의"
관련 내용을 확인하고 싶습니다. 주문번호 {{order_no}} 건을 배송 조회하고 싶습니다. 처리 전에 확인할 사항도 알려주세요.,주문,주문 배송 조회,6.2 배송 기간 및 배송 조회,,명확,"배송 현재 위치, 배송 상태, 예상 도착일 또는 배송 조회 방법 문의"
주문 내역에 배송 정보가 안 보여요.,주문,주문 배송 조회,6.2 배송 기간 및 배송 조회,,명확,"배송 현재 위치, 배송 상태, 예상 도착일 또는 배송 조회 방법 문의"
온라인에서 처리하려고 합니다. 주문번호 {{order_no}} 건의 현재 위치를 확인할 수 있나요? 제가 직접 확인할 수 있는 방법도 알려주세요.,주문,주문 배송 조회,6.2 배송 기간 및 배송 조회,,명확,"배송 현재 위치, 배송 상태, 예상 도착일 또는 배송 조회 방법 문의"
자세한 안내 부탁드립니다. 주문번호 {{order_no}} 건의 배송 상태를 확인하고 싶습니다. 어느 메뉴에서 확인하는지 궁금합니다.,주문,주문 배송 조회,6.2 배송 기간 및 배송 조회,,명확,"배송 현재 위치, 배송 상태, 예상 도착일 또는 배송 조회 방법 문의"
문의드립니다. 주문번호 {{order_no}} 건의 예상 도착일이 궁금합니다. 처리 전에 확인할 사항도 알려주세요.,주문,주문 배송 조회,6.2 배송 기간 및 배송 조회,,명확,"배송 현재 위치, 배송 상태, 예상 도착일 또는 배송 조회 방법 문의"
도움이 필요합니다. 주문번호 {{order_no}} 건의 현재 위치를 확인할 수 있나요? 필요한 정보가 있다면 함께 알려주세요.,주문,주문 배송 조회,6.2 배송 기간 및 배송 조회,,명확,"배송 현재 위치, 배송 상태, 예상 도착일 또는 배송 조회 방법 문의"
도움이 필요합니다. 주문번호 {{order_no}} 건의 예상 도착일이 궁금합니다. 어느 메뉴에서 확인하는지 궁금합니다.,주문,주문 배송 조회,6.2 배송 기간 및 배송 조회,,명확,"배송 현재 위치, 배송 상태, 예상 도착일 또는 배송 조회 방법 문의"
주문번호 {{order_no}} 건이 어디까지 왔는지 알려주세요. 필요한 정보가 있다면 함께 알려주세요.,주문,주문 배송 조회,6.2 배송 기간 및 배송 조회,,명확,"배송 현재 위치, 배송 상태, 예상 도착일 또는 배송 조회 방법 문의"
직접 처리하려고 합니다. 주문번호 {{order_no}} 건의 현재 위치를 확인할 수 있나요? 어느 메뉴에서 확인하는지 궁금합니다.,주문,주문 배송 조회,6.2 배송 기간 및 배송 조회,,명확,"배송 현재 위치, 배송 상태, 예상 도착일 또는 배송 조회 방법 문의"
가능 여부를 문의드립니다. 주문번호 {{order_no}} 건의 변경 가능 여부를 확인해 주세요. 가능한 처리 방법을 알려주세요.,주문,주문 변경,,,판단불가,변경 대상이 명시되지 않아 어떤 주문 변경 정책이 필요한지 판단하기 어려움
처리 방법이 궁금합니다. 주문번호 {{order_no}} 건의 변경 가능 여부를 확인해 주세요. 처리 전에 확인할 사항도 알려주세요.,주문,주문 변경,,,판단불가,변경 대상이 명시되지 않아 어떤 주문 변경 정책이 필요한지 판단하기 어려움
현재 상황을 확인하고 싶습니다. 주문번호 {{order_no}} 건에 상품을 추가할 수 있나요? 가능한 처리 방법을 알려주세요.,주문,주문 변경,,,판단불가,변경 대상이 명시되지 않아 어떤 주문 변경 정책이 필요한지 판단하기 어려움
주문번호 {{order_no}} 건의 변경 가능 여부를 확인해 주세요. 가능한 처리 방법을 알려주세요.,주문,주문 변경,,,판단불가,변경 대상이 명시되지 않아 어떤 주문 변경 정책이 필요한지 판단하기 어려움
관련 내용을 확인하고 싶습니다. 주문번호 {{order_no}} 건의 변경 가능 여부를 확인해 주세요. 어느 메뉴에서 확인하는지 궁금합니다.,주문,주문 변경,,,판단불가,변경 대상이 명시되지 않아 어떤 주문 변경 정책이 필요한지 판단하기 어려움
자세한 안내 부탁드립니다. 주문번호 {{order_no}} 건의 수량을 바꾸고 싶습니다. 어느 메뉴에서 확인하는지 궁금합니다.,주문,주문 변경,1.3 주문 상품 구성(품목·옵션·수량) 변경 불가 안내,,명확,"주문 상품의 품목 추가, 수량 또는 옵션 변경 문의"
처리 전에 확인하고 싶습니다. 주문번호 {{order_no}} 건의 옵션을 수정할 수 있나요? 현재 상태에서 가능한지 확인해 주세요.,주문,주문 변경,1.3 주문 상품 구성(품목·옵션·수량) 변경 불가 안내,,명확,"주문 상품의 품목 추가, 수량 또는 옵션 변경 문의"
온라인에서 처리하려고 합니다. 주문번호 {{order_no}} 건의 옵션을 수정할 수 있나요? 어느 메뉴에서 확인하는지 궁금합니다.,주문,주문 변경,1.3 주문 상품 구성(품목·옵션·수량) 변경 불가 안내,,명확,"주문 상품의 품목 추가, 수량 또는 옵션 변경 문의"
절차를 안내받고 싶습니다. 주문번호 {{order_no}} 건 취소가 가능한가요? 자세한 절차도 함께 안내해 주세요.,주문,주문 취소,3. 주문 취소 정책 (Cancellation Policy),,명확,주문 취소 가능 여부 또는 취소 절차에 관한 문의
주문번호 {{order_no}} 건을 잘못 넣었는데 취소할 수 있을까요?,주문,주문 취소,3. 주문 취소 정책 (Cancellation Policy),,명확,주문 취소 가능 여부 또는 취소 절차에 관한 문의
추가 안내가 필요합니다. 주문번호 {{order_no}} 건을 취소하고 싶습니다.,주문,주문 취소,3. 주문 취소 정책 (Cancellation Policy),,명확,주문 취소 가능 여부 또는 취소 절차에 관한 문의
아직 발송 전이면 취소 가능해?,주문,주문 취소,3. 주문 취소 정책 (Cancellation Policy),,명확,주문 취소 가능 여부 또는 취소 절차에 관한 문의
문의드립니다. 주문번호 {{order_no}} 건을 취소하는 방법을 알려주세요.,주문,주문 취소,3. 주문 취소 정책 (Cancellation Policy),,명확,주문 취소 가능 여부 또는 취소 절차에 관한 문의
직접 처리하려고 합니다. 주문번호 {{order_no}} 건을 취소하는 방법을 알려주세요. 자세한 절차도 함께 안내해 주세요.,주문,주문 취소,3. 주문 취소 정책 (Cancellation Policy),,명확,주문 취소 가능 여부 또는 취소 절차에 관한 문의
온라인에서 처리하려고 합니다. 주문번호 {{order_no}} 건을 잘못 접수해 취소하려고 합니다. 자세한 절차도 함께 안내해 주세요.,주문,주문 취소,3. 주문 취소 정책 (Cancellation Policy),,명확,주문 취소 가능 여부 또는 취소 절차에 관한 문의
취소 어케함,주문,주문 취소,3. 주문 취소 정책 (Cancellation Policy),,명확,주문 취소 가능 여부 또는 취소 절차에 관한 문의
도움이 필요합니다. 장바구니에서 상품 주문을 완료하는 방법이 궁금합니다. 자세한 절차도 함께 안내해 주세요.,주문,주문하기,1.1 주문 접수 및 계약 성립 기준,,명확,상품 구매 및 주문 접수 절차에 관한 문의
안녕하세요. 상품을 구매하고 싶습니다. 진행 순서를 간단히 설명해 주세요.,주문,주문하기,1.1 주문 접수 및 계약 성립 기준,,명확,상품 구매 및 주문 접수 절차에 관한 문의
자세한 안내 부탁드립니다. 상품을 다른 상품과 함께 주문할 수 있나요?,주문,주문하기,1.1 주문 접수 및 계약 성립 기준,,명확,상품 구매 및 주문 접수 절차에 관한 문의
관련 내용을 확인하고 싶습니다. 상품을 구매하고 싶습니다. 자세한 절차도 함께 안내해 주세요.,주문,주문하기,1.1 주문 접수 및 계약 성립 기준,,명확,상품 구매 및 주문 접수 절차에 관한 문의
상품을 다른 상품과 함께 주문할 수 있나요?,주문,주문하기,1.1 주문 접수 및 계약 성립 기준,,명확,상품 구매 및 주문 접수 절차에 관한 문의
현재 상황을 확인하고 싶습니다. 상품의 옵션과 수량을 선택한 뒤 어떻게 주문하나요?,주문,주문하기,1.1 주문 접수 및 계약 성립 기준,,명확,상품 구매 및 주문 접수 절차에 관한 문의
관련 메뉴를 찾지 못했습니다. 상품을 다른 상품과 함께 주문할 수 있나요? 진행 순서를 간단히 설명해 주세요.,주문,주문하기,1.1 주문 접수 및 계약 성립 기준,,명확,상품 구매 및 주문 접수 절차에 관한 문의
처리 전에 확인하고 싶습니다. 상품의 옵션과 수량을 선택한 뒤 어떻게 주문하나요? 필요한 정보가 있다면 함께 알려주세요.,주문,주문하기,1.1 주문 접수 및 계약 성립 기준,,명확,상품 구매 및 주문 접수 절차에 관한 문의
나 청구서 잃어버렸어 12588 나한테 우편으로 보내줄래?,결제,청구서 받기,2.3 청구서(영수증·세금계산서) 발급,,명확,"청구서·송장의 발급, 재발급, 다운로드 또는 수령 방법 문의"
{{name}}로부터 송장을 받는 것을 도와주실 수 있나요?,결제,청구서 받기,2.3 청구서(영수증·세금계산서) 발급,,명확,"청구서·송장의 발급, 재발급, 다운로드 또는 수령 방법 문의"
{{name}}에서 청구서를 다운로드하려고 전화했습니다.,결제,청구서 받기,2.3 청구서(영수증·세금계산서) 발급,,명확,"청구서·송장의 발급, 재발급, 다운로드 또는 수령 방법 문의"
청구서를 우편으로 보내주세요 00108,결제,청구서 받기,2.3 청구서(영수증·세금계산서) 발급,,명확,"청구서·송장의 발급, 재발급, 다운로드 또는 수령 방법 문의"
송장 받기,결제,청구서 받기,2.3 청구서(영수증·세금계산서) 발급,,명확,"청구서·송장의 발급, 재발급, 다운로드 또는 수령 방법 문의"
내 청구서 85632를 받는 것을 도와주실 수 있나요?,결제,청구서 받기,2.3 청구서(영수증·세금계산서) 발급,,명확,"청구서·송장의 발급, 재발급, 다운로드 또는 수령 방법 문의"
내 청구서를 다운로드할 수 있도록 도와주세요 00108,결제,청구서 받기,2.3 청구서(영수증·세금계산서) 발급,,명확,"청구서·송장의 발급, 재발급, 다운로드 또는 수령 방법 문의"
청구서 12588을 다운로드하려면 어떻게 해야 할지 모르겠어요,결제,청구서 받기,2.3 청구서(영수증·세금계산서) 발급,,명확,"청구서·송장의 발급, 재발급, 다운로드 또는 수령 방법 문의"
내 청구서를 확인하는 데 도움을 줄 수 있나요 00108,결제,청구서 확인,2.3 청구서(영수증·세금계산서) 발급,,명확,청구서·송장을 확인하거나 찾는 방법에 관한 문의
청구서 00108을 찾아야 해요,결제,청구서 확인,2.3 청구서(영수증·세금계산서) 발급,,명확,청구서·송장을 확인하거나 찾는 방법에 관한 문의
{{name}}의 청구서 확인,결제,청구서 확인,2.3 청구서(영수증·세금계산서) 발급,,명확,청구서·송장을 확인하거나 찾는 방법에 관한 문의
청구서를 보여주세요{{transaction_id}},결제,청구서 확인,2.3 청구서(영수증·세금계산서) 발급,,명확,청구서·송장을 확인하거나 찾는 방법에 관한 문의
송장을 찾으려면 어떻게 해야 할지 모르겠습니다 85632,결제,청구서 확인,2.3 청구서(영수증·세금계산서) 발급,,명확,청구서·송장을 확인하거나 찾는 방법에 관한 문의
{{name}}에서 보낸 청구서를 확인하고 싶은데 도와주세요,결제,청구서 확인,2.3 청구서(영수증·세금계산서) 발급,,명확,청구서·송장을 확인하거나 찾는 방법에 관한 문의
{{name}}에서 내 청구서을 참조하세요,결제,청구서 확인,2.3 청구서(영수증·세금계산서) 발급,,명확,청구서·송장을 확인하거나 찾는 방법에 관한 문의
청구서를 찾는 방법을 모르겠습니다 12588,결제,청구서 확인,2.3 청구서(영수증·세금계산서) 발급,,명확,청구서·송장을 확인하거나 찾는 방법에 관한 문의
취소 위약금 보여줘,취소,취소 수수료 확인,3.1 취소 수수료 규정,,명확,"취소·해지 시 발생하는 수수료, 위약금 또는 페널티 확인 문의"
조기 해지 비용을 확인하는 데 도움이 필요합니다,취소,취소 수수료 확인,3.1 취소 수수료 규정,,명확,"취소·해지 시 발생하는 수수료, 위약금 또는 페널티 확인 문의"
해지 수수료를 확인하려고 합니다.,취소,취소 수수료 확인,3.1 취소 수수료 규정,,명확,"취소·해지 시 발생하는 수수료, 위약금 또는 페널티 확인 문의"
조기 종료 페널티를 확인하는 방법을 모르겠습니다,취소,취소 수수료 확인,3.1 취소 수수료 규정,,명확,"취소·해지 시 발생하는 수수료, 위약금 또는 페널티 확인 문의"
취소 위약금을 보려면 어떻게 해야 하나요?,취소,취소 수수료 확인,3.1 취소 수수료 규정,,명확,"취소·해지 시 발생하는 수수료, 위약금 또는 페널티 확인 문의"
해지 수수료에 대해서는 아무것도 찾을 수 없습니다.,취소,취소 수수료 확인,3.1 취소 수수료 규정,,명확,"취소·해지 시 발생하는 수수료, 위약금 또는 페널티 확인 문의"
조기해지 수수료를 확인해야 하는데 도와주실 수 있나요?,취소,취소 수수료 확인,3.1 취소 수수료 규정,,명확,"취소·해지 시 발생하는 수수료, 위약금 또는 페널티 확인 문의"
취소 페널티를 어떻게 하는지 확인해야 해요,취소,취소 수수료 확인,3.1 취소 수수료 규정,,명확,"취소·해지 시 발생하는 수수료, 위약금 또는 페널티 확인 문의"
해지 수수료를 볼 수 있도록 도와주실 수 있나요?,취소,취소 수수료 확인,3.1 취소 수수료 규정,,명확,"취소·해지 시 발생하는 수수료, 위약금 또는 페널티 확인 문의"
해지 수수료 표시,취소,취소 수수료 확인,3.1 취소 수수료 규정,,명확,"취소·해지 시 발생하는 수수료, 위약금 또는 페널티 확인 문의"
해지위약금을 확인하려면 어떻게 해야할지 모르겠습니다.,취소,취소 수수료 확인,3.1 취소 수수료 규정,,명확,"취소·해지 시 발생하는 수수료, 위약금 또는 페널티 확인 문의"
해지 패널티를 보는 방법,취소,취소 수수료 확인,3.1 취소 수수료 규정,,명확,"취소·해지 시 발생하는 수수료, 위약금 또는 페널티 확인 문의"
취소수수료를 확인해야 하는데 도와주세요,취소,취소 수수료 확인,3.1 취소 수수료 규정,,명확,"취소·해지 시 발생하는 수수료, 위약금 또는 페널티 확인 문의"
조기 해지 요금을 확인해야 하는데 어떻게 해야 하나요?,취소,취소 수수료 확인,3.1 취소 수수료 규정,,명확,"취소·해지 시 발생하는 수수료, 위약금 또는 페널티 확인 문의"
조기 해지 위약금을 확인하는 방법은 무엇입니까?,취소,취소 수수료 확인,3.1 취소 수수료 규정,,명확,"취소·해지 시 발생하는 수수료, 위약금 또는 페널티 확인 문의"
환불 정책을 확인하려면 어떻게 해야 할지 모르겠습니다.,환불,환불 정책 확인,,,판단불가,환불 정책 전반을 묻고 있어 특정 세부 정책 하나를 Gold로 지정하기 어려움
환불이 얼마나 걸리는지 확인해야 해요 어떻게 해야 하나요,환불,환불 정책 확인,,,판단불가,환불 정책 전반을 묻고 있어 특정 세부 정책 하나를 Gold로 지정하기 어려움
어떤 경우에 환불을 요청할 수 있는지 확인해야 합니다,환불,환불 정책 확인,4.1 청약철회(반품) 신청 기간 및 조건,,명확,환불을 신청할 수 있는 조건을 묻는 문의
환불 보장을 확인하는 데 도움이 필요해,환불,환불 정책 확인,,,판단불가,환불 정책 전반을 묻고 있어 특정 세부 정책 하나를 Gold로 지정하기 어려움
환불 정책을 보려면 어떻게 해야 하는지 모르겠습니다.,환불,환불 정책 확인,,,판단불가,환불 정책 전반을 묻고 있어 특정 세부 정책 하나를 Gold로 지정하기 어려움
환불을 받는 데 시간이 얼마나 걸리는지 알아보려고 해요,환불,환불 정책 확인,4.4 결제 수단별 환불 소요 기간 및 처리 방법,,명확,일반적인 환불 소요 기간을 묻는 문의
환불하는 데 얼마나 걸리는지 확인해야 해요,환불,환불 정책 확인,4.4 결제 수단별 환불 소요 기간 및 처리 방법,,명확,일반적인 환불 소요 기간을 묻는 문의
환불 정책을 확인하세요,환불,환불 정책 확인,,,판단불가,환불 정책 전반을 묻고 있어 특정 세부 정책 하나를 Gold로 지정하기 어려움
환급 정책을 확인하려면 도움이 필요해,환불,환불 정책 확인,,,판단불가,환불 정책 전반을 묻고 있어 특정 세부 정책 하나를 Gold로 지정하기 어려움
어떤 상황에서 환불을 요청할 수 있는지 알아보고 있습니다.,환불,환불 정책 확인,4.1 청약철회(반품) 신청 기간 및 조건,,명확,환불을 신청할 수 있는 조건을 묻는 문의
어떤 상황에서 환급을 요청할 수 있는지 확인할 수 있나요?,환불,환불 정책 확인,,,판단불가,환불 정책 전반을 묻고 있어 특정 세부 정책 하나를 Gold로 지정하기 어려움
환급에 소요되는 시간을 확인해야 합니다. 도움이 필요합니다.,환불,환불 정책 확인,4.4 결제 수단별 환불 소요 기간 및 처리 방법,,명확,일반적인 환불 소요 기간을 묻는 문의
환불 정책을 확인해야 합니다,환불,환불 정책 확인,,,판단불가,환불 정책 전반을 묻고 있어 특정 세부 정책 하나를 Gold로 지정하기 어려움
어떤 경우에 환불을 요청할 수 있는지 확인해봐도 될까요?,환불,환불 정책 확인,4.1 청약철회(반품) 신청 기간 및 조건,,명확,환불을 신청할 수 있는 조건을 묻는 문의
어떤 경우에 환불을 받을 수 있는지 알 수 있나요,환불,환불 정책 확인,,,판단불가,환불 정책 전반을 묻고 있어 특정 세부 정책 하나를 Gold로 지정하기 어려움
환불에 새로운 사항이 있는지 어디서 확인할 수 있나요?,환불,환불 진행 상황 조회,4.5 환불 진행 상황 조회 방법,,명확,"신청한 환불의 현재 처리 상태, 진행 상황 또는 완료 여부를 확인하는 문의"
환불 현황을 확인하고 싶습니다. 도움이 필요합니다.,환불,환불 진행 상황 조회,4.5 환불 진행 상황 조회 방법,,명확,"신청한 환불의 현재 처리 상태, 진행 상황 또는 완료 여부를 확인하는 문의"
"내 환불 현황을 확인하고 싶은데, 도와주실 수 있나요?",환불,환불 진행 상황 조회,4.5 환불 진행 상황 조회 방법,,명확,"신청한 환불의 현재 처리 상태, 진행 상황 또는 완료 여부를 확인하는 문의"
내 환불금에 문제가 있는지 확인해봐,환불,환불 진행 상황 조회,4.5 환불 진행 상황 조회 방법,,명확,"신청한 환불의 현재 처리 상태, 진행 상황 또는 완료 여부를 확인하는 문의"
내 환불 진행 상황을 확인하려면 어떻게 해야 할지 모르겠어요,환불,환불 진행 상황 조회,4.5 환불 진행 상황 조회 방법,,명확,"신청한 환불의 현재 처리 상태, 진행 상황 또는 완료 여부를 확인하는 문의"
환불 진행 상황에 변화가 있는지 어디서 알 수 있나요?,환불,환불 진행 상황 조회,4.5 환불 진행 상황 조회 방법,,명확,"신청한 환불의 현재 처리 상태, 진행 상황 또는 완료 여부를 확인하는 문의"
환급 현황을 확인해야 하는데 어떻게 해야 하나요?,환불,환불 진행 상황 조회,4.5 환불 진행 상황 조회 방법,,명확,"신청한 환불의 현재 처리 상태, 진행 상황 또는 완료 여부를 확인하는 문의"
{{refund_amount}}원의 환불을 기다리고 있습니다. 처리되었나요?,환불,환불 진행 상황 조회,4.5 환불 진행 상황 조회 방법,,명확,"신청한 환불의 현재 처리 상태, 진행 상황 또는 완료 여부를 확인하는 문의"
환불 요청,환불,환불받기,4.1 청약철회(반품) 신청 기간 및 조건,,명확,환불 진행 상황 조회가 아니라 환불 신청 방법·경로를 묻는 문의
제품에 대해 {{amount}}원을 지불했는데 환급을 원합니다.,환불,환불받기,4.1 청약철회(반품) 신청 기간 및 조건,,명확,환불 진행 상황 조회가 아니라 환불 신청 방법·경로를 묻는 문의
저는 돈을 돌려받으려고 합니다,환불,환불받기,4.1 청약철회(반품) 신청 기간 및 조건,,명확,환불 진행 상황 조회가 아니라 환불 신청 방법·경로를 묻는 문의
내 환불을 요구하는 것을 도와주실 수 있나요?,환불,환불받기,4.1 청약철회(반품) 신청 기간 및 조건,,명확,환불 진행 상황 조회가 아니라 환불 신청 방법·경로를 묻는 문의
어떻게 환불을 받을 수 있나요?,환불,환불받기,4.1 청약철회(반품) 신청 기간 및 조건,,명확,환불 진행 상황 조회가 아니라 환불 신청 방법·경로를 묻는 문의
환불을 요청하는 곳은 어디입니까?,환불,환불받기,4.1 청약철회(반품) 신청 기간 및 조건,,명확,환불 진행 상황 조회가 아니라 환불 신청 방법·경로를 묻는 문의
환불을 받는 데 도움이 필요해요,환불,환불받기,4.1 청약철회(반품) 신청 기간 및 조건,,명확,환불 진행 상황 조회가 아니라 환불 신청 방법·경로를 묻는 문의
어디에서 환불받을 수 있나요?,환불,환불받기,4.1 청약철회(반품) 신청 기간 및 조건,,명확,환불 진행 상황 조회가 아니라 환불 신청 방법·경로를 묻는 문의
환불을 요청하는 방법을 모르겠습니다.,환불,환불받기,4.1 청약철회(반품) 신청 기간 및 조건,,명확,환불 진행 상황 조회가 아니라 환불 신청 방법·경로를 묻는 문의
이 주문에 대해 {{amount}}원을 지불했습니다. 환불이 필요합니다.,환불,환불받기,4.1 청약철회(반품) 신청 기간 및 조건,,명확,환불 진행 상황 조회가 아니라 환불 신청 방법·경로를 묻는 문의
어떻게 환불받을 수 있는지 모르겠어요,환불,환불받기,4.1 청약철회(반품) 신청 기간 및 조건,,명확,환불 진행 상황 조회가 아니라 환불 신청 방법·경로를 묻는 문의
돈을 환불받으려면 어떻게 해야 하나요?,환불,환불받기,4.1 청약철회(반품) 신청 기간 및 조건,,명확,환불 진행 상황 조회가 아니라 환불 신청 방법·경로를 묻는 문의
어디에서 환불을 요청할 수 있나요?,환불,환불받기,4.1 청약철회(반품) 신청 기간 및 조건,,명확,환불 진행 상황 조회가 아니라 환불 신청 방법·경로를 묻는 문의
내 환불을 요청할 수 있도록 도와주세요,환불,환불받기,4.1 청약철회(반품) 신청 기간 및 조건,,명확,환불 진행 상황 조회가 아니라 환불 신청 방법·경로를 묻는 문의
상품 구입을 위해 {{amount}}원을 지불했습니다. 어떻게 환불을 받을 수 있나요?,환불,환불받기,4.1 청약철회(반품) 신청 기간 및 조건,,명확,환불 진행 상황 조회가 아니라 환불 신청 방법·경로를 묻는 문의
